Meter_ID,Has_Solar,Has_EV,Customer_Type,Data_Source
MAC004202,False,False,Residential,synthetic
MAC004203_Copy4,False,False,Residential,synthetic
MAC004215_Copy4,False,False,Residential,synthetic
MAC004187_Copy3,False,False,Residential,synthetic
MAC004213_Copy3,False,False,Residential,synthetic
MAC004213,False,False,Residential,synthetic
MAC004204_Copy1,True,False,Residential,synthetic
MAC004210,False,False,Residential,synthetic
MAC004215,False,False,Residential,synthetic
MAC004194_Copy3,False,False,Residential,synthetic
MAC004213_Copy4,True,False,Residential,synthetic
MAC004187_Copy4,False,False,Residential,synthetic
MAC004192_Copy4,False,False,Residential,synthetic
MAC004211_Copy1,False,False,Residential,synthetic
MAC004214_Copy4,False,True,Residential,synthetic
MAC004193,False,False,Residential,synthetic
MAC004187_Copy2,False,False,Residential,synthetic
MAC004192,False,False,Residential,synthetic
MAC004214,False,True,Residential,synthetic
MAC004205,False,False,Residential,synthetic
MAC004195_Copy2,False,False,Residential,synthetic
MAC004217_Copy3,True,True,Residential,synthetic
MAC004214_Copy1,False,False,Residential,synthetic
MAC004207_Copy1,False,False,Residential,synthetic
MAC004187,False,False,Residential,synthetic
MAC004205_Copy2,False,False,Residential,synthetic
MAC004203_Copy3,False,False,Residential,synthetic
MAC004193_Copy2,False,False,Residential,synthetic
MAC004204_Copy2,False,False,Residential,synthetic
MAC004207,True,False,Residential,synthetic
MAC004207_Copy4,False,False,Residential,synthetic
MAC004199_Copy1,False,False,Residential,synthetic
MAC004208_Copy1,True,False,Residential,synthetic
MAC004209_Copy3,False,False,Residential,synthetic
MAC004198_Copy2,False,False,Residential,synthetic
MAC004190_Copy3,False,False,Residential,synthetic
MAC004211_Copy4,False,False,Residential,synthetic
MAC004193_Copy3,True,False,Residential,synthetic
MAC004215_Copy1,False,False,Residential,synthetic
MAC004188,False,False,Residential,synthetic
MAC004201_Copy1,True,True,Residential,synthetic
MAC004212_Copy1,False,False,Residential,synthetic
MAC004210_Copy1,True,False,Residential,synthetic
MAC004216,False,False,Residential,synthetic
MAC004190_Copy2,False,False,Residential,synthetic
MAC004205_Copy4,False,False,Residential,synthetic
MAC004198_Copy4,False,False,Residential,synthetic
MAC004201_Copy3,False,False,Residential,synthetic
MAC004213_Copy2,False,False,Residential,synthetic
MAC004197_Copy1,False,False,Residential,synthetic
MAC004198,False,False,Residential,synthetic
MAC004209_Copy1,False,True,Residential,synthetic
MAC004217_Copy4,False,False,Residential,synthetic
MAC004197,False,False,Residential,synthetic
MAC004205_Copy1,False,False,Residential,synthetic
MAC004202_Copy3,False,True,Residential,synthetic
MAC004188_Copy2,True,False,Residential,synthetic
MAC004191_Copy3,False,False,Residential,synthetic
MAC004198_Copy1,True,True,Residential,synthetic
MAC004219_Copy1,False,False,Residential,synthetic
MAC004202_Copy2,False,False,Residential,synthetic
MAC004207_Copy2,False,False,Residential,synthetic
MAC004195_Copy3,False,False,Residential,synthetic
MAC004188_Copy3,False,False,Residential,synthetic
MAC004209,False,False,Residential,synthetic
MAC004208_Copy3,False,False,Residential,synthetic
MAC004192_Copy1,True,False,Residential,synthetic
MAC004202_Copy1,False,False,Residential,synthetic
MAC004199_Copy4,True,False,Residential,synthetic
MAC004201,False,False,Residential,synthetic
MAC004215_Copy2,False,False,Residential,synthetic
MAC004210_Copy3,False,False,Residential,synthetic
MAC004207_Copy3,True,True,Residential,synthetic
MAC004193_Copy1,False,False,Residential,synthetic
MAC004203,False,False,Residential,synthetic
MAC004215_Copy3,False,False,Residential,synthetic
MAC004216_Copy4,False,False,Residential,synthetic
MAC004202_Copy4,True,False,Residential,synthetic
MAC004190,False,False,Residential,synthetic
MAC004205_Copy3,True,False,Residential,synthetic
MAC004193_Copy4,False,False,Residential,synthetic
MAC004200_Copy3,False,False,Residential,synthetic
MAC004199,False,False,Residential,synthetic
MAC004208,True,False,Residential,synthetic
MAC004196_Copy2,False,False,Residential,synthetic
MAC004191_Copy2,False,False,Residential,synthetic
MAC004195_Copy4,False,False,Residential,synthetic
MAC004219_Copy4,False,True,Residential,synthetic
MAC004198_Copy3,False,False,Residential,synthetic
MAC004203_Copy1,False,False,Residential,synthetic
MAC004210_Copy2,True,False,Residential,synthetic
MAC004196,False,False,Residential,synthetic
MAC004204,False,False,Residential,synthetic
MAC004201_Copy4,False,False,Residential,synthetic
MAC004212_Copy3,False,True,Residential,synthetic
MAC004187_Copy1,False,False,Residential,synthetic
MAC004219_Copy3,False,False,Residential,synthetic
MAC004209_Copy4,False,False,Residential,synthetic
MAC004212_Copy4,True,False,Residential,synthetic
MAC004190_Copy1,True,False,Residential,synthetic
MAC004219,True,False,Residential,synthetic
MAC004204_Copy4,False,False,Residential,synthetic
MAC004204_Copy3,False,False,Residential,synthetic
MAC004196_Copy3,False,False,Residential,synthetic
MAC004214_Copy3,False,False,Residential,synthetic
MAC004194_Copy2,False,False,Residential,synthetic
MAC004200_Copy1,False,False,Residential,synthetic
MAC004199_Copy2,False,False,Residential,synthetic
MAC004212,False,False,Residential,synthetic
MAC004192_Copy3,True,True,Residential,synthetic
MAC004219_Copy2,False,False,Residential,synthetic
MAC004213_Copy1,False,False,Residential,synthetic
MAC004191,False,False,Residential,synthetic
MAC004197_Copy3,False,False,Residential,synthetic
MAC004200,False,False,Residential,synthetic
MAC004210_Copy4,False,False,Residential,synthetic
MAC004188_Copy4,False,False,Residential,synthetic
MAC004200_Copy2,False,False,Residential,synthetic
MAC004194_Copy1,False,False,Residential,synthetic
MAC004214_Copy2,False,False,Residential,synthetic
MAC004212_Copy2,False,False,Residential,synthetic
MAC004191_Copy1,False,False,Residential,synthetic
MAC004196_Copy4,False,False,Residential,synthetic
MAC004211_Copy2,True,False,Residential,synthetic
MAC004216_Copy3,False,False,Residential,synthetic
MAC004208_Copy4,False,False,Residential,synthetic
MAC004217_Copy2,False,False,Residential,synthetic
MAC004201_Copy2,False,False,Residential,synthetic
MAC004194_Copy4,True,False,Residential,synthetic
MAC004194,False,False,Residential,synthetic
MAC004199_Copy3,False,False,Residential,synthetic
MAC004195,False,False,Residential,synthetic
MAC004203_Copy2,True,False,Residential,synthetic
MAC004197_Copy4,False,True,Residential,synthetic
MAC004188_Copy1,False,False,Residential,synthetic
MAC004209_Copy2,False,True,Residential,synthetic
MAC004216_Copy2,False,False,Residential,synthetic
MAC004196_Copy1,False,False,Residential,synthetic
MAC004211,False,False,Residential,synthetic
MAC004192_Copy2,False,False,Residential,synthetic
MAC004191_Copy4,False,True,Residential,synthetic
MAC004200_Copy4,False,True,Residential,synthetic
MAC004197_Copy2,False,False,Residential,synthetic
MAC004211_Copy3,False,False,Residential,synthetic
MAC004217,False,False,Residential,synthetic
MAC004190_Copy4,True,False,Residential,synthetic
MAC004217_Copy1,False,False,Residential,synthetic
MAC004195_Copy1,False,False,Residential,synthetic
MAC004208_Copy2,True,False,Residential,synthetic
MAC004216_Copy1,False,True,Residential,synthetic
