Meter_ID,Has_Solar,Has_EV,Customer_Type
MAC004208,False,False,Residential
MAC004204_Copy3,False,False,Residential
MAC004196,False,False,Residential
MAC004220_Copy4,False,False,Residential
MAC004190_Copy1,False,True,Residential
MAC004219_Copy4,False,False,Residential
MAC004190_Copy4,True,False,Residential
MAC004212_Copy4,False,False,Residential
MAC004200,False,True,Residential
MAC004211,False,False,Residential
MAC004212,True,False,Residential
MAC004194,False,True,Residential
MAC004188_Copy1,False,False,Residential
MAC004198,False,False,Residential
MAC004216_Copy3,False,False,Residential
MAC004198_Copy1,False,False,Residential
MAC004210_Copy4,False,False,Residential
MAC004209_Copy2,False,False,Residential
MAC004216_Copy4,False,False,Residential
MAC004215_Copy3,False,False,Residential
MAC004204_Copy4,False,False,Residential
MAC004205_Copy4,True,False,Residential
MAC004196_Copy1,False,False,Residential
MAC004199_Copy3,False,False,Residential
MAC004195_Copy3,False,False,Residential
MAC004220_Copy1,False,False,Residential
MAC004194_Copy4,False,False,Residential
MAC004213,False,False,Residential
MAC004203,False,False,Residential
MAC004196_Copy4,True,False,Residential
MAC004207_Copy2,False,True,Residential
MAC004214,False,False,Residential
MAC004190_Copy3,True,False,Residential
MAC004192_Copy2,False,False,Residential
MAC004202_Copy4,False,False,Residential
MAC004195_Copy1,False,False,Residential
MAC004191_Copy1,False,False,Residential
MAC004213_Copy1,True,False,Residential
MAC004205_Copy1,False,False,Residential
MAC004210_Copy2,False,False,Residential
MAC004205,True,False,Residential
MAC004210,False,True,Residential
MAC004193_Copy2,True,False,Residential
MAC004208_Copy4,False,False,Residential
MAC004217_Copy3,False,False,Residential
MAC004190_Copy2,False,True,Residential
MAC004217_Copy4,False,False,Residential
MAC004208_Copy1,False,False,Residential
MAC004197,False,True,Residential
MAC004197_Copy1,False,False,Residential
MAC004221_Copy4,False,False,Residential
MAC004193_Copy4,False,False,Residential
MAC004201_Copy2,False,False,Residential
MAC004192_Copy1,False,False,Residential
MAC004214_Copy1,False,False,Residential
MAC004196_Copy2,False,False,Residential
MAC004190,True,False,Residential
MAC004188,False,False,Residential
MAC004200_Copy3,True,False,Residential
MAC004194_Copy3,False,False,Residential
MAC004219_Copy3,False,False,Residential
MAC004210_Copy3,False,False,Residential
MAC004221,False,True,Residential
MAC004198_Copy4,False,False,Residential
MAC004221_Copy1,False,False,Residential
MAC004202_Copy3,False,False,Residential
MAC004208_Copy2,True,False,Residential
MAC004207_Copy4,False,False,Residential
MAC004204,True,False,Residential
MAC004203_Copy1,False,False,Residential
MAC004194_Copy1,False,False,Residential
MAC004191,False,False,Residential
MAC004200_Copy1,True,False,Residential
MAC004214_Copy4,False,False,Residential
MAC004219_Copy2,False,False,Residential
MAC004217_Copy2,False,False,Residential
MAC004188_Copy2,False,False,Residential
MAC004201_Copy4,True,True,Residential
MAC004203_Copy4,False,False,Residential
MAC004204_Copy1,True,False,Residential
MAC004203_Copy3,False,False,Residential
MAC004199_Copy4,False,False,Residential
MAC004197_Copy4,False,False,Residential
MAC004202_Copy2,True,False,Residential
MAC004187,False,True,Residential
MAC004195_Copy4,False,False,Residential
MAC004199,False,False,Residential
MAC004211_Copy4,False,False,Residential
MAC004205_Copy2,False,False,Residential
MAC004193_Copy1,False,False,Residential
MAC004201,True,False,Residential
MAC004205_Copy3,False,False,Residential
MAC004209_Copy4,False,False,Residential
MAC004210_Copy1,False,False,Residential
MAC004194_Copy2,False,False,Residential
MAC004212_Copy1,False,False,Residential
MAC004188_Copy3,False,False,Residential
MAC004187_Copy2,False,False,Residential
MAC004203_Copy2,True,False,Residential
MAC004202_Copy1,True,True,Residential
MAC004200_Copy4,True,False,Residential
MAC004221_Copy3,False,False,Residential
MAC004201_Copy1,False,False,Residential
MAC004198_Copy2,False,False,Residential
MAC004211_Copy3,False,False,Residential
MAC004195_Copy2,False,False,Residential
MAC004197_Copy2,False,False,Residential
MAC004197_Copy3,False,False,Residential
MAC004209_Copy3,False,False,Residential
MAC004215_Copy2,True,False,Residential
MAC004200_Copy2,False,False,Residential
MAC004217_Copy1,False,False,Residential
MAC004211_Copy2,False,False,Residential
MAC004193_Copy3,False,False,Residential
MAC004214_Copy2,False,False,Residential
MAC004187_Copy3,False,False,Residential
MAC004188_Copy4,False,False,Residential
MAC004192,False,False,Residential
MAC004192_Copy3,False,False,Residential
MAC004221_Copy2,False,False,Residential
MAC004219,False,False,Residential
MAC004215,False,False,Residential
MAC004191_Copy3,False,False,Residential
MAC004207_Copy3,True,True,Residential
MAC004193,False,False,Residential
MAC004202,False,True,Residential
MAC004213_Copy3,False,False,Residential
MAC004191_Copy2,False,False,Residential
MAC004220_Copy3,True,False,Residential
MAC004214_Copy3,False,False,Residential
MAC004212_Copy3,False,True,Residential
MAC004220_Copy2,False,True,Residential
MAC004207_Copy1,True,False,Residential
MAC004201_Copy3,False,False,Residential
MAC004219_Copy1,False,False,Residential
MAC004187_Copy1,False,False,Residential
MAC004213_Copy4,False,False,Residential
MAC004204_Copy2,False,False,Residential
MAC004196_Copy3,False,False,Residential
MAC004215_Copy1,False,True,Residential
MAC004187_Copy4,False,True,Residential
MAC004199_Copy2,False,False,Residential
MAC004198_Copy3,False,False,Residential
MAC004195,False,False,Residential
MAC004220,False,False,Residential
MAC004191_Copy4,True,False,Residential
MAC004216_Copy1,False,False,Residential
MAC004208_Copy3,False,False,Residential
MAC004217,True,False,Residential
MAC004212_Copy2,False,False,Residential
MAC004192_Copy4,False,False,Residential
MAC004209,False,True,Residential
MAC004216_Copy2,True,True,Residential
MAC004213_Copy2,False,False,Residential
MAC004216,False,False,Residential
MAC004207,False,False,Residential
MAC004209_Copy1,False,False,Residential
MAC004199_Copy1,False,False,Residential
MAC004215_Copy4,False,False,Residential
MAC004211_Copy1,False,False,Residential
