Ticket_ID,Equipment_ID,Issue_Type,Date_Opened,Status
TKT_1000,TX_6,Voltage Drop,2012-10-07,Closed
TKT_1001,TX_6,Overheating,2012-10-14,Closed
TKT_1002,TX_1,Overheating,2012-10-21,Closed
TKT_1003,TX_5,Voltage Drop,2012-10-28,Closed
TKT_1004,TX_5,Tampering_Suspected,2012-11-04,Closed
TKT_1005,TX_1,Overheating,2012-11-11,Closed
TKT_1006,TX_5,Communication Loss,2012-11-18,Closed
TKT_1007,TX_5,Overheating,2012-11-25,Closed
TKT_1008,TX_6,Voltage Drop,2012-12-02,Closed
TKT_1009,TX_5,Voltage Drop,2012-12-09,Closed
TKT_1010,TX_3,Voltage Drop,2012-12-16,Closed
TKT_1011,TX_4,Tampering_Suspected,2012-12-23,Closed
TKT_1012,TX_2,Overheating,2012-12-30,Closed
TKT_1013,TX_3,Tampering_Suspected,2013-01-06,Closed
TKT_1014,TX_5,Tampering_Suspected,2013-01-13,Closed
