Meter_ID,Transformer_ID,Feeder_ID,Substation_ID
MAC004208,TX_1,Feeder_1,Sub_Main_1
MAC004204_Copy3,TX_1,Feeder_1,Sub_Main_1
MAC004196,TX_1,Feeder_1,Sub_Main_1
MAC004220_Copy4,TX_1,Feeder_1,Sub_Main_1
MAC004190_Copy1,TX_1,Feeder_1,Sub_Main_1
MAC004219_Copy4,TX_1,Feeder_1,Sub_Main_1
MAC004190_Copy4,TX_1,Feeder_1,Sub_Main_1
MAC004212_Copy4,TX_1,Feeder_1,Sub_Main_1
MAC004200,TX_1,Feeder_1,Sub_Main_1
MAC004211,TX_1,Feeder_1,Sub_Main_1
MAC004212,TX_1,Feeder_1,Sub_Main_1
MAC004194,TX_1,Feeder_1,Sub_Main_1
MAC004188_Copy1,TX_1,Feeder_1,Sub_Main_1
MAC004198,TX_1,Feeder_1,Sub_Main_1
MAC004216_Copy3,TX_1,Feeder_1,Sub_Main_1
MAC004198_Copy1,TX_1,Feeder_1,Sub_Main_1
MAC004210_Copy4,TX_1,Feeder_1,Sub_Main_1
MAC004209_Copy2,TX_1,Feeder_1,Sub_Main_1
MAC004216_Copy4,TX_1,Feeder_1,Sub_Main_1
MAC004215_Copy3,TX_1,Feeder_1,Sub_Main_1
MAC004204_Copy4,TX_1,Feeder_1,Sub_Main_1
MAC004205_Copy4,TX_1,Feeder_1,Sub_Main_1
MAC004196_Copy1,TX_1,Feeder_1,Sub_Main_1
MAC004199_Copy3,TX_1,Feeder_1,Sub_Main_1
MAC004195_Copy3,TX_1,Feeder_1,Sub_Main_1
MAC004220_Copy1,TX_1,Feeder_1,Sub_Main_1
MAC004194_Copy4,TX_1,Feeder_1,Sub_Main_1
MAC004213,TX_2,Feeder_1,Sub_Main_1
MAC004203,TX_2,Feeder_1,Sub_Main_1
MAC004196_Copy4,TX_2,Feeder_1,Sub_Main_1
MAC004207_Copy2,TX_2,Feeder_1,Sub_Main_1
MAC004214,TX_2,Feeder_1,Sub_Main_1
MAC004190_Copy3,TX_2,Feeder_1,Sub_Main_1
MAC004192_Copy2,TX_2,Feeder_1,Sub_Main_1
MAC004202_Copy4,TX_2,Feeder_1,Sub_Main_1
MAC004195_Copy1,TX_2,Feeder_1,Sub_Main_1
MAC004191_Copy1,TX_2,Feeder_1,Sub_Main_1
MAC004213_Copy1,TX_2,Feeder_1,Sub_Main_1
MAC004205_Copy1,TX_2,Feeder_1,Sub_Main_1
MAC004210_Copy2,TX_2,Feeder_1,Sub_Main_1
MAC004205,TX_2,Feeder_1,Sub_Main_1
MAC004210,TX_2,Feeder_1,Sub_Main_1
MAC004193_Copy2,TX_2,Feeder_1,Sub_Main_1
MAC004208_Copy4,TX_2,Feeder_1,Sub_Main_1
MAC004217_Copy3,TX_2,Feeder_1,Sub_Main_1
MAC004190_Copy2,TX_2,Feeder_1,Sub_Main_1
MAC004217_Copy4,TX_2,Feeder_1,Sub_Main_1
MAC004208_Copy1,TX_2,Feeder_1,Sub_Main_1
MAC004197,TX_2,Feeder_1,Sub_Main_1
MAC004197_Copy1,TX_2,Feeder_1,Sub_Main_1
MAC004221_Copy4,TX_2,Feeder_1,Sub_Main_1
MAC004193_Copy4,TX_2,Feeder_1,Sub_Main_1
MAC004201_Copy2,TX_2,Feeder_1,Sub_Main_1
MAC004192_Copy1,TX_2,Feeder_1,Sub_Main_1
MAC004214_Copy1,TX_3,Feeder_2,Sub_Main_1
MAC004196_Copy2,TX_3,Feeder_2,Sub_Main_1
MAC004190,TX_3,Feeder_2,Sub_Main_1
MAC004188,TX_3,Feeder_2,Sub_Main_1
MAC004200_Copy3,TX_3,Feeder_2,Sub_Main_1
MAC004194_Copy3,TX_3,Feeder_2,Sub_Main_1
MAC004219_Copy3,TX_3,Feeder_2,Sub_Main_1
MAC004210_Copy3,TX_3,Feeder_2,Sub_Main_1
MAC004221,TX_3,Feeder_2,Sub_Main_1
MAC004198_Copy4,TX_3,Feeder_2,Sub_Main_1
MAC004221_Copy1,TX_3,Feeder_2,Sub_Main_1
MAC004202_Copy3,TX_3,Feeder_2,Sub_Main_1
MAC004208_Copy2,TX_3,Feeder_2,Sub_Main_1
MAC004207_Copy4,TX_3,Feeder_2,Sub_Main_1
MAC004204,TX_3,Feeder_2,Sub_Main_1
MAC004203_Copy1,TX_3,Feeder_2,Sub_Main_1
MAC004194_Copy1,TX_3,Feeder_2,Sub_Main_1
MAC004191,TX_3,Feeder_2,Sub_Main_1
MAC004200_Copy1,TX_3,Feeder_2,Sub_Main_1
MAC004214_Copy4,TX_3,Feeder_2,Sub_Main_1
MAC004219_Copy2,TX_3,Feeder_2,Sub_Main_1
MAC004217_Copy2,TX_3,Feeder_2,Sub_Main_1
MAC004188_Copy2,TX_3,Feeder_2,Sub_Main_1
MAC004201_Copy4,TX_3,Feeder_2,Sub_Main_1
MAC004203_Copy4,TX_3,Feeder_2,Sub_Main_1
MAC004204_Copy1,TX_3,Feeder_2,Sub_Main_1
MAC004203_Copy3,TX_3,Feeder_2,Sub_Main_1
MAC004199_Copy4,TX_4,Feeder_2,Sub_Main_1
MAC004197_Copy4,TX_4,Feeder_2,Sub_Main_1
MAC004202_Copy2,TX_4,Feeder_2,Sub_Main_1
MAC004187,TX_4,Feeder_2,Sub_Main_1
MAC004195_Copy4,TX_4,Feeder_2,Sub_Main_1
MAC004199,TX_4,Feeder_2,Sub_Main_1
MAC004211_Copy4,TX_4,Feeder_2,Sub_Main_1
MAC004205_Copy2,TX_4,Feeder_2,Sub_Main_1
MAC004193_Copy1,TX_4,Feeder_2,Sub_Main_1
MAC004201,TX_4,Feeder_2,Sub_Main_1
MAC004205_Copy3,TX_4,Feeder_2,Sub_Main_1
MAC004209_Copy4,TX_4,Feeder_2,Sub_Main_1
MAC004210_Copy1,TX_4,Feeder_2,Sub_Main_1
MAC004194_Copy2,TX_4,Feeder_2,Sub_Main_1
MAC004212_Copy1,TX_4,Feeder_2,Sub_Main_1
MAC004188_Copy3,TX_4,Feeder_2,Sub_Main_1
MAC004187_Copy2,TX_4,Feeder_2,Sub_Main_1
MAC004203_Copy2,TX_4,Feeder_2,Sub_Main_1
MAC004202_Copy1,TX_4,Feeder_2,Sub_Main_1
MAC004200_Copy4,TX_4,Feeder_2,Sub_Main_1
MAC004221_Copy3,TX_4,Feeder_2,Sub_Main_1
MAC004201_Copy1,TX_4,Feeder_2,Sub_Main_1
MAC004198_Copy2,TX_4,Feeder_2,Sub_Main_1
MAC004211_Copy3,TX_4,Feeder_2,Sub_Main_1
MAC004195_Copy2,TX_4,Feeder_2,Sub_Main_1
MAC004197_Copy2,TX_4,Feeder_2,Sub_Main_1
MAC004197_Copy3,TX_4,Feeder_2,Sub_Main_1
MAC004209_Copy3,TX_5,Feeder_3,Sub_Main_1
MAC004215_Copy2,TX_5,Feeder_3,Sub_Main_1
MAC004200_Copy2,TX_5,Feeder_3,Sub_Main_1
MAC004217_Copy1,TX_5,Feeder_3,Sub_Main_1
MAC004211_Copy2,TX_5,Feeder_3,Sub_Main_1
MAC004193_Copy3,TX_5,Feeder_3,Sub_Main_1
MAC004214_Copy2,TX_5,Feeder_3,Sub_Main_1
MAC004187_Copy3,TX_5,Feeder_3,Sub_Main_1
MAC004188_Copy4,TX_5,Feeder_3,Sub_Main_1
MAC004192,TX_5,Feeder_3,Sub_Main_1
MAC004192_Copy3,TX_5,Feeder_3,Sub_Main_1
MAC004221_Copy2,TX_5,Feeder_3,Sub_Main_1
MAC004219,TX_5,Feeder_3,Sub_Main_1
MAC004215,TX_5,Feeder_3,Sub_Main_1
MAC004191_Copy3,TX_5,Feeder_3,Sub_Main_1
MAC004207_Copy3,TX_5,Feeder_3,Sub_Main_1
MAC004193,TX_5,Feeder_3,Sub_Main_1
MAC004202,TX_5,Feeder_3,Sub_Main_1
MAC004213_Copy3,TX_5,Feeder_3,Sub_Main_1
MAC004191_Copy2,TX_5,Feeder_3,Sub_Main_1
MAC004220_Copy3,TX_5,Feeder_3,Sub_Main_1
MAC004214_Copy3,TX_5,Feeder_3,Sub_Main_1
MAC004212_Copy3,TX_5,Feeder_3,Sub_Main_1
MAC004220_Copy2,TX_5,Feeder_3,Sub_Main_1
MAC004207_Copy1,TX_5,Feeder_3,Sub_Main_1
MAC004201_Copy3,TX_5,Feeder_3,Sub_Main_1
MAC004219_Copy1,TX_5,Feeder_3,Sub_Main_1
MAC004187_Copy1,TX_6,Feeder_3,Sub_Main_1
MAC004213_Copy4,TX_6,Feeder_3,Sub_Main_1
MAC004204_Copy2,TX_6,Feeder_3,Sub_Main_1
MAC004196_Copy3,TX_6,Feeder_3,Sub_Main_1
MAC004215_Copy1,TX_6,Feeder_3,Sub_Main_1
MAC004187_Copy4,TX_6,Feeder_3,Sub_Main_1
MAC004199_Copy2,TX_6,Feeder_3,Sub_Main_1
MAC004198_Copy3,TX_6,Feeder_3,Sub_Main_1
MAC004195,TX_6,Feeder_3,Sub_Main_1
MAC004220,TX_6,Feeder_3,Sub_Main_1
MAC004191_Copy4,TX_6,Feeder_3,Sub_Main_1
MAC004216_Copy1,TX_6,Feeder_3,Sub_Main_1
MAC004208_Copy3,TX_6,Feeder_3,Sub_Main_1
MAC004217,TX_6,Feeder_3,Sub_Main_1
MAC004212_Copy2,TX_6,Feeder_3,Sub_Main_1
MAC004192_Copy4,TX_6,Feeder_3,Sub_Main_1
MAC004209,TX_6,Feeder_3,Sub_Main_1
MAC004216_Copy2,TX_6,Feeder_3,Sub_Main_1
MAC004213_Copy2,TX_6,Feeder_3,Sub_Main_1
MAC004216,TX_6,Feeder_3,Sub_Main_1
MAC004207,TX_6,Feeder_3,Sub_Main_1
MAC004209_Copy1,TX_6,Feeder_3,Sub_Main_1
MAC004199_Copy1,TX_6,Feeder_3,Sub_Main_1
MAC004215_Copy4,TX_6,Feeder_3,Sub_Main_1
MAC004211_Copy1,TX_6,Feeder_3,Sub_Main_1
